sep=;
Run time (s);Round;Exception;deadline;Agreement;Discounted;#agreeing;min.util.;max.util.;Dist. to Pareto;Dist. to Nash;Social Welfare;Agent 1;Agent 2;Agent 3;Utility 1;Utility 2;Utility 3;Disc. Util. 1;Disc. Util. 2;Disc. Util. 3;Profile 1;Profile 2;Profile 3
177.182;9335;;180s;Yes;No;3;0.70401;0.84001;0.00000;0.10301;2.37986;YXAgent@0;Atlas3@1;group30.Agent30@2;0.8358333333333332;0.8400142500258816;0.7040114379358235;0.8358333333333332;0.8400142500258816;0.7040114379358235;party1_utility.xml;party2_utility.xml;party3_utility.xml
178.863;10258;;180s;Yes;No;3;0.69241;0.85649;0.00000;0.09921;2.39723;Atlas3@3;YXAgent@4;group30.Agent30@5;0.8483333333333334;0.8564909885811369;0.6924080946242358;0.8483333333333334;0.8564909885811369;0.6924080946242358;party1_utility.xml;party2_utility.xml;party3_utility.xml
179.656;10334;;180s;Yes;No;3;0.56333;0.84003;0.05472;0.25319;2.20545;group30.Agent30@6;YXAgent@7;Atlas3@8;0.5633333333333334;0.8400272342882598;0.8020923406269244;0.5633333333333334;0.8400272342882598;0.8020923406269244;party1_utility.xml;party2_utility.xml;party3_utility.xml
179.707;9185;;180s;Yes;No;3;0.74194;0.81833;0.00000;0.17645;2.31728;YXAgent@9;group30.Agent30@10;Atlas3@11;0.8183333333333332;0.7570048124820374;0.7419388596398198;0.8183333333333332;0.7570048124820374;0.7419388596398198;party1_utility.xml;party2_utility.xml;party3_utility.xml
179.818;9308;;180s;Yes;No;3;0.60892;0.87347;0.04043;0.37693;2.14239;Atlas3@12;group30.Agent30@13;YXAgent@14;0.6599999999999999;0.608923397397142;0.8734690417355335;0.6599999999999999;0.608923397397142;0.8734690417355335;party1_utility.xml;party2_utility.xml;party3_utility.xml
178.923;11555;;180s;Yes;No;3;0.72500;0.84506;0.00000;0.18156;2.38404;group30.Agent30@15;Atlas3@16;YXAgent@17;0.7250000000000001;0.813972655466302;0.8450642903160794;0.7250000000000001;0.813972655466302;0.8450642903160794;party1_utility.xml;party2_utility.xml;party3_utility.xml
