sep=;
Run time (s);Round;Exception;deadline;Agreement;Discounted;#agreeing;min.util.;max.util.;Dist. to Pareto;Dist. to Nash;Social Welfare;Agent 1;Agent 2;Agent 3;Utility 1;Utility 2;Utility 3;Disc. Util. 1;Disc. Util. 2;Disc. Util. 3;Profile 1;Profile 2;Profile 3
178.032;9389;;180s;Yes;No;3;0.69241;0.85649;0.00000;0.09921;2.39723;YXAgent@0;Atlas3@1;group30.Agent30@2;0.8483333333333334;0.8564909885811369;0.6924080946242358;0.8483333333333334;0.8564909885811369;0.6924080946242358;party1_utility.xml;party2_utility.xml;party3_utility.xml
178.777;9623;;180s;Yes;No;3;0.69241;0.85649;0.00000;0.09921;2.39723;Atlas3@3;YXAgent@4;group30.Agent30@5;0.8483333333333334;0.8564909885811369;0.6924080946242358;0.8483333333333334;0.8564909885811369;0.6924080946242358;party1_utility.xml;party2_utility.xml;party3_utility.xml
179.669;10315;;180s;Yes;No;3;0.63000;0.82487;0.04378;0.21193;2.27321;group30.Agent30@6;YXAgent@7;Atlas3@8;0.63;0.8248744419522236;0.8183402113214985;0.63;0.8248744419522236;0.8183402113214985;party1_utility.xml;party2_utility.xml;party3_utility.xml
179.619;9936;;180s;Yes;No;3;0.75837;0.80821;0.00000;0.19343;2.36742;YXAgent@9;group30.Agent30@10;Atlas3@11;0.8008333333333335;0.7583749102078432;0.8082124369340867;0.8008333333333335;0.7583749102078432;0.8082124369340867;party1_utility.xml;party2_utility.xml;party3_utility.xml
179.485;9468;;180s;Yes;No;3;0.72500;0.84506;0.00000;0.18156;2.38404;Atlas3@12;group30.Agent30@13;YXAgent@14;0.7250000000000001;0.813972655466302;0.8450642903160794;0.7250000000000001;0.813972655466302;0.8450642903160794;party1_utility.xml;party2_utility.xml;party3_utility.xml
179.164;11290;;180s;Yes;No;3;0.73750;0.83346;0.00000;0.15904;2.40141;group30.Agent30@15;Atlas3@16;YXAgent@17;0.7375;0.8304493940215574;0.8334609470044917;0.7375;0.8304493940215574;0.8334609470044917;party1_utility.xml;party2_utility.xml;party3_utility.xml
