sep=;
Run time (s);Round;Exception;deadline;Agreement;Discounted;#agreeing;min.util.;max.util.;Dist. to Pareto;Dist. to Nash;Social Welfare;Agent 1;Agent 2;Agent 3;Utility 1;Utility 2;Utility 3;Disc. Util. 1;Disc. Util. 2;Disc. Util. 3;Profile 1;Profile 2;Profile 3
177.584;9384;;180s;Yes;No;3;0.74194;0.81833;0.00000;0.17645;2.31728;YXAgent@0;Atlas3@1;group30.Agent30@2;0.8183333333333332;0.7570048124820374;0.7419388596398198;0.8183333333333332;0.7570048124820374;0.7419388596398198;party1_utility.xml;party2_utility.xml;party3_utility.xml
178.775;9879;;180s;Yes;No;3;0.69241;0.85649;0.00000;0.09921;2.39723;Atlas3@3;YXAgent@4;group30.Agent30@5;0.8483333333333334;0.8564909885811369;0.6924080946242358;0.8483333333333334;0.8564909885811369;0.6924080946242358;party1_utility.xml;party2_utility.xml;party3_utility.xml
179.768;10612;;180s;Yes;No;3;0.62667;0.86811;0.00000;0.24562;2.31099;group30.Agent30@6;YXAgent@7;Atlas3@8;0.6266666666666667;0.8162157250865434;0.8681093397144823;0.6266666666666667;0.8162157250865434;0.8681093397144823;party1_utility.xml;party2_utility.xml;party3_utility.xml
179.681;9872;;180s;Yes;No;3;0.74194;0.81833;0.00000;0.17645;2.31728;YXAgent@9;group30.Agent30@10;Atlas3@11;0.8183333333333332;0.7570048124820374;0.7419388596398198;0.8183333333333332;0.7570048124820374;0.7419388596398198;party1_utility.xml;party2_utility.xml;party3_utility.xml
179.829;9698;;180s;Yes;No;3;0.75837;0.80821;0.00000;0.19343;2.36742;Atlas3@12;group30.Agent30@13;YXAgent@14;0.8008333333333335;0.7583749102078432;0.8082124369340867;0.8008333333333335;0.7583749102078432;0.8082124369340867;party1_utility.xml;party2_utility.xml;party3_utility.xml
178.912;10747;;180s;Yes;No;3;0.73750;0.83346;0.00000;0.15904;2.40141;group30.Agent30@15;Atlas3@16;YXAgent@17;0.7375;0.8304493940215574;0.8334609470044917;0.7375;0.8304493940215574;0.8334609470044917;party1_utility.xml;party2_utility.xml;party3_utility.xml
