sep=;
Run time (s);Round;Exception;deadline;Agreement;Discounted;#agreeing;min.util.;max.util.;Dist. to Pareto;Dist. to Nash;Social Welfare;Agent 1;Agent 2;Agent 3;Utility 1;Utility 2;Utility 3;Disc. Util. 1;Disc. Util. 2;Disc. Util. 3;Profile 1;Profile 2;Profile 3
152.467;5947;;180s;Yes;No;3;0.59802;0.82893;0.09197;0.38910;2.03945;Ngent@0;ClockworkAgent@1;group30.Agent30@2;0.5980216109112204;0.6125;0.8289289100778986;0.5980216109112204;0.6125;0.8289289100778986;party2_utility.xml;party1_utility.xml;party3_utility.xml
166.372;6568;;180s;Yes;No;3;0.45350;0.74229;0.19398;0.49271;1.85246;ClockworkAgent@3;Ngent@4;group30.Agent30@5;0.4534987187209245;0.6566666666666667;0.7422902283246613;0.4534987187209245;0.6566666666666667;0.7422902283246613;party2_utility.xml;party1_utility.xml;party3_utility.xml
119.038;4608;;180s;Yes;No;3;0.72926;0.91209;0.00000;0.02371;2.41385;group30.Agent30@6;Ngent@7;ClockworkAgent@8;0.9120887338395958;0.7725;0.7292599480062285;0.9120887338395958;0.7725;0.7292599480062285;party2_utility.xml;party1_utility.xml;party3_utility.xml
102.569;4524;;180s;Yes;No;3;0.68493;0.88167;0.00000;0.26211;2.28329;Ngent@9;group30.Agent30@10;ClockworkAgent@11;0.6849303286683233;0.8816666666666667;0.7166903495694148;0.6849303286683233;0.8816666666666667;0.7166903495694148;party2_utility.xml;party1_utility.xml;party3_utility.xml
145.193;5753;;180s;Yes;No;3;0.19610;0.83833;0.03681;0.73696;1.81347;ClockworkAgent@12;group30.Agent30@13;Ngent@14;0.1961048662547084;0.8383333333333335;0.779034915312763;0.1961048662547084;0.8383333333333335;0.779034915312763;party2_utility.xml;party1_utility.xml;party3_utility.xml
169.109;6453;;180s;Yes;No;3;0.55083;0.82355;0.07479;0.27402;2.18808;group30.Agent30@15;ClockworkAgent@16;Ngent@17;0.8235504957330047;0.5508333333333333;0.8136956839385121;0.8235504957330047;0.5508333333333333;0.8136956839385121;party2_utility.xml;party1_utility.xml;party3_utility.xml
